<application>
  <component name="DefaultFont">
    <option name="FONT_SIZE" value="14" />
    <option name="FONT_FAMILY" value="Inconsolata" />
  </component>
  <component name="EditorSettings">
    <option name="SHOW_BREADCRUMBS" value="false" />
  </component>
  <component name="TodoConfiguration">
    <pattern pattern="\b(todo|fixme)\b.*" />
    <pattern icon="important" pattern="\btodo security\b.*" />
    <filter name="security">
      <pattern index="1" />
    </filter>
  </component>
</application>